{"cameraMode":{"drawMode":0,"name":"Shaded","section":"Shading Mode"},"sceneLighting":false,"audioPlay":false,"sceneViewState":{"m_AlwaysRefresh":false,"showFog":true,"showSkybox":false,"showFlares":true,"showImageEffects":true,"showParticleSystems":true,"showVisualEffectGraphs":true,"m_FxEnabled":true},"in2DMode":false,"pivot":{"x":1.4458733797073365,"y":-3.0580368041992189,"z":0.38163983821868899},"rotation":{"x":0.42442286014556887,"y":0.5286089777946472,"z":-0.3458087146282196,"w":0.6487886309623718},"size":4.862221717834473,"orthographic":false}