{"cameraMode":{"drawMode":0,"name":"Shaded","section":"Shading Mode"},"sceneLighting":false,"audioPlay":false,"sceneViewState":{"m_AlwaysRefresh":false,"showFog":true,"showSkybox":false,"showFlares":true,"showImageEffects":true,"showParticleSystems":true,"showVisualEffectGraphs":true,"m_FxEnabled":true},"in2DMode":false,"pivot":{"x":11.582509994506836,"y":-58.942237854003909,"z":-0.24490685760974885},"rotation":{"x":0.45485517382621767,"y":0.5396289825439453,"z":-0.44566506147384646,"w":0.5507801175117493},"size":35.3588752746582,"orthographic":false}